{"mu_hat": 1.8715467199097742, "delta_mu_hat": 0.2594524822037687, "p16": 1.614702390542972, "p84": 2.1336073549505095, "nu_bkg": 0.002556429546001231, "nu_tt": -0.8107724743167783, "nu_diboson": -0.09429294978191517, "nu_tes": -0.5346289905764419, "nu_jes": 0.8923659933855512, "nu_met": 1.109082411363696}