{"mu_hat": 1.8545962823642599, "delta_mu_hat": 0.26632562600734067, "p16": 1.5913169253299755, "p84": 2.123968177344657, "nu_bkg": 0.20891621372827668, "nu_tt": -0.944784264174198, "nu_diboson": 0.21471231153573422, "nu_tes": -0.48607449467750263, "nu_jes": 0.8935766657293066, "nu_met": 1.1031435872084665}